<?xml version="1.0" encoding="utf-8"?>
<ArrayOfHelpNavigation xmlns:xsd="http://www.w3.org/2001/XMLSchema" xmlns:xsi="http://www.w3.org/2001/XMLSchema-instance">
  <HelpNavigation>
    <HelpCategory>GENERALTOPICS</HelpCategory>
    <HelpPages>
      <HelpNavigationPage>
        <HelpPage>FORUMS</HelpPage>
      </HelpNavigationPage>
      <HelpNavigationPage>
        <HelpPage>REGISTRATION</HelpPage>
      </HelpNavigationPage>
      <HelpNavigationPage>
        <HelpPage>SEARCHING</HelpPage>
      </HelpNavigationPage>
      <HelpNavigationPage>
        <HelpPage>ANOUNCE</HelpPage>
      </HelpNavigationPage>
      <HelpNavigationPage>
        <HelpPage>DISPLAY</HelpPage>
      </HelpNavigationPage>
      <HelpNavigationPage>
        <HelpPage>NEWPOSTS</HelpPage>
      </HelpNavigationPage>
      <HelpNavigationPage>
        <HelpPage>THREADOPT</HelpPage>
      </HelpNavigationPage>
      <HelpNavigationPage>
        <HelpPage>RECOVER</HelpPage>
      </HelpNavigationPage>
      <HelpNavigationPage>
        <HelpPage>MEMBERSLIST</HelpPage>
      </HelpNavigationPage>
      <HelpNavigationPage>
        <HelpPage>POPUPS</HelpPage>
      </HelpNavigationPage>
      <HelpNavigationPage>
        <HelpPage>PM</HelpPage>
      </HelpNavigationPage>
      <HelpNavigationPage>
        <HelpPage>RSS</HelpPage>
      </HelpNavigationPage>
    </HelpPages>
  </HelpNavigation>
  <HelpNavigation>
    <HelpCategory>PROFILETOPICS</HelpCategory>
    <HelpPages>
      <HelpNavigationPage>
        <HelpPage>MYSETTINGS</HelpPage>
      </HelpNavigationPage>
      <HelpNavigationPage>
        <HelpPage>MESSENGER</HelpPage>
      </HelpNavigationPage>
      <HelpNavigationPage>
        <HelpPage>PUBLICPROFILE</HelpPage>
      </HelpNavigationPage>
      <HelpNavigationPage>
        <HelpPage>EDITPROFILE</HelpPage>
      </HelpNavigationPage>
      <HelpNavigationPage>
        <HelpPage>THANKS</HelpPage>
      </HelpNavigationPage>
      <HelpNavigationPage>
        <HelpPage>BUDDIES</HelpPage>
      </HelpNavigationPage>
      <HelpNavigationPage>
        <HelpPage>MYALBUMS</HelpPage>
      </HelpNavigationPage>
      <HelpNavigationPage>
        <HelpPage>MYPICS</HelpPage>
      </HelpNavigationPage>
      <HelpNavigationPage>
        <HelpPage>MAILSETTINGS</HelpPage>
      </HelpNavigationPage>
      <HelpNavigationPage>
        <HelpPage>SUBSCRIPTIONS</HelpPage>
      </HelpNavigationPage>
    </HelpPages>
  </HelpNavigation>
  <HelpNavigation>
    <HelpCategory>READPOSTTOPICS</HelpCategory>
    <HelpPages>
      <HelpNavigationPage>
        <HelpPage>POSTING</HelpPage>
      </HelpNavigationPage>
      <HelpNavigationPage>
        <HelpPage>REPLYING</HelpPage>
      </HelpNavigationPage>
      <HelpNavigationPage>
        <HelpPage>EDITDELETE</HelpPage>
      </HelpNavigationPage>
      <HelpNavigationPage>
        <HelpPage>POLLS</HelpPage>
      </HelpNavigationPage>
      <HelpNavigationPage>
        <HelpPage>ATTACHMENTS</HelpPage>
      </HelpNavigationPage>
      <HelpNavigationPage>
        <HelpPage>BBCODES</HelpPage>
      </HelpNavigationPage>
      <HelpNavigationPage>
        <HelpPage>MODSADMINS</HelpPage>
      </HelpNavigationPage>
    </HelpPages>
  </HelpNavigation>
</ArrayOfHelpNavigation>